{
  "backpropType" : "TruncatedBPTT",
  "cacheMode" : "NONE",
  "confs" : [ {
    "cacheMode" : "NONE",
    "dataType" : "FLOAT",
    "epochCount" : 100,
    "iterationCount" : 0,
    "layer" : {
      "@class" : "org.deeplearning4j.nn.conf.layers.LSTM",
      "activationFn" : {
        "@class" : "org.nd4j.linalg.activations.impl.ActivationTanH"
      },
      "biasInit" : 0.0,
      "biasUpdater" : null,
      "constraints" : null,
      "forgetGateBiasInit" : 1.0,
      "gainInit" : 1.0,
      "gateActivationFn" : {
        "@class" : "org.nd4j.linalg.activations.impl.ActivationHardSigmoid"
      },
      "gradientNormalization" : "None",
      "gradientNormalizationThreshold" : 1.0,
      "helperAllowFallback" : true,
      "idropout" : null,
      "iupdater" : {
        "@class" : "org.nd4j.linalg.learning.config.AdaDelta",
        "epsilon" : 1.0E-6,
        "rho" : 0.95
      },
      "layerName" : "L1",
      "nin" : 5,
      "nout" : 128,
      "regularization" : [ {
        "@class" : "org.nd4j.linalg.learning.regularization.L2Regularization",
        "l2" : {
          "@class" : "org.nd4j.linalg.schedule.FixedSchedule",
          "value" : 1.0E-4
        }
      } ],
      "regularizationBias" : [ ],
      "rnnDataFormat" : "NCW",
      "timeDistributedFormat" : null,
      "weightInitFn" : {
        "@class" : "org.deeplearning4j.nn.weights.WeightInitXavier"
      },
      "weightInitFnRecurrent" : null,
      "weightNoise" : null
    },
    "maxNumLineSearchIterations" : 5,
    "miniBatch" : true,
    "minimize" : true,
    "optimizationAlgo" : "STOCHASTIC_GRADIENT_DESCENT",
    "seed" : 12345,
    "stepFunction" : null,
    "variables" : [ "W", "RW", "b" ]
  }, {
    "cacheMode" : "NONE",
    "dataType" : "FLOAT",
    "epochCount" : 100,
    "iterationCount" : 0,
    "layer" : {
      "@class" : "org.deeplearning4j.nn.conf.layers.LSTM",
      "activationFn" : {
        "@class" : "org.nd4j.linalg.activations.impl.ActivationTanH"
      },
      "biasInit" : 0.0,
      "biasUpdater" : null,
      "constraints" : null,
      "forgetGateBiasInit" : 1.0,
      "gainInit" : 1.0,
      "gateActivationFn" : {
        "@class" : "org.nd4j.linalg.activations.impl.ActivationHardSigmoid"
      },
      "gradientNormalization" : "None",
      "gradientNormalizationThreshold" : 1.0,
      "helperAllowFallback" : true,
      "idropout" : null,
      "iupdater" : {
        "@class" : "org.nd4j.linalg.learning.config.AdaDelta",
        "epsilon" : 1.0E-6,
        "rho" : 0.95
      },
      "layerName" : "L2",
      "nin" : 128,
      "nout" : 128,
      "regularization" : [ {
        "@class" : "org.nd4j.linalg.learning.regularization.L2Regularization",
        "l2" : {
          "@class" : "org.nd4j.linalg.schedule.FixedSchedule",
          "value" : 1.0E-4
        }
      } ],
      "regularizationBias" : [ ],
      "rnnDataFormat" : "NCW",
      "timeDistributedFormat" : null,
      "weightInitFn" : {
        "@class" : "org.deeplearning4j.nn.weights.WeightInitXavier"
      },
      "weightInitFnRecurrent" : null,
      "weightNoise" : null
    },
    "maxNumLineSearchIterations" : 5,
    "miniBatch" : true,
    "minimize" : true,
    "optimizationAlgo" : "STOCHASTIC_GRADIENT_DESCENT",
    "seed" : 12345,
    "stepFunction" : null,
    "variables" : [ "W", "RW", "b" ]
  }, {
    "cacheMode" : "NONE",
    "dataType" : "FLOAT",
    "epochCount" : 100,
    "iterationCount" : 0,
    "layer" : {
      "@class" : "org.deeplearning4j.nn.conf.layers.DenseLayer",
      "activationFn" : {
        "@class" : "org.nd4j.linalg.activations.impl.ActivationReLU",
        "max" : null,
        "negativeSlope" : null,
        "threshold" : null
      },
      "biasInit" : 0.0,
      "biasUpdater" : null,
      "constraints" : null,
      "gainInit" : 1.0,
      "gradientNormalization" : "None",
      "gradientNormalizationThreshold" : 1.0,
      "hasBias" : true,
      "hasLayerNorm" : false,
      "idropout" : null,
      "iupdater" : {
        "@class" : "org.nd4j.linalg.learning.config.AdaDelta",
        "epsilon" : 1.0E-6,
        "rho" : 0.95
      },
      "layerName" : "L3",
      "nin" : 128,
      "nout" : 32,
      "regularization" : [ {
        "@class" : "org.nd4j.linalg.learning.regularization.L2Regularization",
        "l2" : {
          "@class" : "org.nd4j.linalg.schedule.FixedSchedule",
          "value" : 1.0E-4
        }
      } ],
      "regularizationBias" : [ ],
      "timeDistributedFormat" : "NCW",
      "weightInitFn" : {
        "@class" : "org.deeplearning4j.nn.weights.WeightInitXavier"
      },
      "weightNoise" : null
    },
    "maxNumLineSearchIterations" : 5,
    "miniBatch" : true,
    "minimize" : true,
    "optimizationAlgo" : "STOCHASTIC_GRADIENT_DESCENT",
    "seed" : 12345,
    "stepFunction" : null,
    "variables" : [ "W", "b" ]
  }, {
    "cacheMode" : "NONE",
    "dataType" : "FLOAT",
    "epochCount" : 100,
    "iterationCount" : 0,
    "layer" : {
      "@class" : "org.deeplearning4j.nn.conf.layers.RnnOutputLayer",
      "activationFn" : {
        "@class" : "org.nd4j.linalg.activations.impl.ActivationIdentity"
      },
      "biasInit" : 0.0,
      "biasUpdater" : null,
      "constraints" : null,
      "gainInit" : 1.0,
      "gradientNormalization" : "None",
      "gradientNormalizationThreshold" : 1.0,
      "hasBias" : true,
      "idropout" : null,
      "iupdater" : {
        "@class" : "org.nd4j.linalg.learning.config.AdaDelta",
        "epsilon" : 1.0E-6,
        "rho" : 0.95
      },
      "layerName" : "L4",
      "lossFn" : {
        "@class" : "org.nd4j.linalg.lossfunctions.impl.LossMSE"
      },
      "nin" : 32,
      "nout" : 1,
      "regularization" : [ {
        "@class" : "org.nd4j.linalg.learning.regularization.L2Regularization",
        "l2" : {
          "@class" : "org.nd4j.linalg.schedule.FixedSchedule",
          "value" : 1.0E-4
        }
      } ],
      "regularizationBias" : [ ],
      "rnnDataFormat" : "NCW",
      "timeDistributedFormat" : null,
      "weightInitFn" : {
        "@class" : "org.deeplearning4j.nn.weights.WeightInitXavier"
      },
      "weightNoise" : null
    },
    "maxNumLineSearchIterations" : 5,
    "miniBatch" : true,
    "minimize" : true,
    "optimizationAlgo" : "STOCHASTIC_GRADIENT_DESCENT",
    "seed" : 12345,
    "stepFunction" : null,
    "variables" : [ "W", "b" ]
  } ],
  "dataType" : "FLOAT",
  "epochCount" : 100,
  "inferenceWorkspaceMode" : "ENABLED",
  "inputPreProcessors" : {
    "2" : {
      "@class" : "org.deeplearning4j.nn.conf.preprocessor.RnnToFeedForwardPreProcessor",
      "rnnDataFormat" : "NCW"
    },
    "3" : {
      "@class" : "org.deeplearning4j.nn.conf.preprocessor.FeedForwardToRnnPreProcessor",
      "rnnDataFormat" : "NCW"
    }
  },
  "iterationCount" : 9900,
  "tbpttBackLength" : 22,
  "tbpttFwdLength" : 22,
  "trainingWorkspaceMode" : "ENABLED",
  "validateOutputLayerConfig" : true
}